metric,value
raw_recall@50,0.6493463337149712
catalog_recall@50,0.6817392990867963
repeat_recall@50,0.9761265683356677
new_recall@50,0.28035678456044716
raw_recall@100,0.7023322220106668
catalog_recall@100,0.7375034674403288
repeat_recall@100,0.9972625000102022
new_recall@100,0.39326309877395094
raw_recall@200,0.7413251020764303
catalog_recall@200,0.7787167258702131
repeat_recall@200,0.9996790472599296
new_recall@200,0.4913588837022676
catalog_coverage,0.9509844993715961
users_evaluated,2000.0
avg_candidates_per_user,200.0
