user_id,streamer,label,seen_before,streamer_interactions,streamer_popularity_share,score_popularity,score_logistic,score_hgb
1,mithrain,1,1,4950.0,0.0019085919411151,4950.0,0.9999410580842302,0.9996207979755979
1,wtcn,1,1,3301.0,0.0012727802015395,3301.0,0.9998404848725302,0.9993959373462933
1,kendinemuzisyen,1,1,3247.0,0.0012519591985456,3247.0,0.9998685920318217,0.9992334979412916
1,jahrein,1,1,2286.0,0.0008814224600786,2286.0,0.9995247900951784,0.9974484323229014
1,towshun,1,1,27.0,1.0410501496991558e-05,27.0,0.9933816253082517,0.9955065679106209
1,innocents,0,0,996.0,0.0003840318330001,996.0,0.48637055008338637,0.5907823749097442
1,grimnax,1,0,777.0,0.0002995910986356,777.0,0.39518083537076404,0.5384157013282503
1,jtgtv,1,0,217.0,8.366958610545067e-05,217.0,0.6675003367456472,0.5382146043747806
1,wtf_winds123,0,0,746.0,0.0002876383006205,746.0,0.3089926722283616,0.4756865237484825
1,floyl,0,0,74.0,2.853248558434723e-05,74.0,0.08995820894073704,0.09829761712621327
1,mois_kid,0,0,44.0,1.696526169880106e-05,44.0,0.10208233228819888,0.07946411279599018
1,jotik04,0,0,47.0,1.8121984087355673e-05,47.0,0.08121408862343939,0.06847367024035601
1,lmgd1,0,0,26.0,1.0024927367473352e-05,26.0,0.05953658707295803,0.04889166884373057
1,sa_vely,0,0,27.0,1.0410501496991558e-05,27.0,0.05787656284644678,0.039451936990912824
1,toadskii,0,0,24.0,9.25377910843694e-06,24.0,0.04958971327535329,0.03329854982049508
1,annyaurora,0,0,17.0,6.5547602018094995e-06,17.0,0.05093219204278163,0.027470820477688344
1,oriontw,0,0,22.0,8.48263084940053e-06,22.0,0.0350099648663843,0.021399127094170745
1,drwalt_,0,0,14.0,5.398037813254882e-06,14.0,0.029307400299671098,0.018853929069184934
1,davorvzla,0,0,8.0,3.0845930361456467e-06,8.0,0.045207139994234265,0.016895885646856918
1,javitons,0,0,30.0,1.1567223885546176e-05,30.0,0.025808225091007525,0.015707890555571792
1,odablockci,0,0,8.0,3.0845930361456467e-06,8.0,0.056494359143974174,0.014871801370999905
1,supdaily,0,0,10.0,3.8557412951820585e-06,10.0,0.03388559215558778,0.014852014139240153
1,ahad,0,0,9.0,3.470167165663853e-06,9.0,0.03353620265388823,0.013556590914863716
1,itsjabo,0,0,7.0,2.699018906627441e-06,7.0,0.03593070749977043,0.013556590914863716
1,chrissoce,0,0,6.0,2.313444777109235e-06,6.0,0.03759339566822194,0.012023235643657502
1,xll_mason,0,0,5.0,1.9278706475910292e-06,5.0,0.04135047059029324,0.011538572216338564
1,firstinspires_curie,0,0,6.0,2.313444777109235e-06,6.0,0.03535411708878808,0.00995772408021051
1,komoegame,0,0,5.0,1.9278706475910292e-06,5.0,0.029683598440031527,0.006361130183059045
1,symboliz,0,0,8.0,3.0845930361456467e-06,8.0,0.019771373696078235,0.005762840117057012
1,flowkejie,0,0,10.0,3.8557412951820585e-06,10.0,0.013099053717550274,0.005268919643095443
1,shafuru0328,0,0,7.0,2.699018906627441e-06,7.0,0.012763082195530271,0.003898491580586679
1,flazzkotv,0,0,9.0,3.470167165663853e-06,9.0,0.011497268661528828,0.0038471691139360855
1,kikikatme,0,0,11.0,4.241315424700265e-06,11.0,0.005401284964679667,0.003120520315083696
1,mrcringegaming,0,0,5.0,1.9278706475910292e-06,5.0,0.006344586593343555,0.002807512373122974
1,farhadnazmi,0,0,5.0,1.9278706475910292e-06,5.0,0.008078680298040427,0.002677800014332234
