feature,coefficient,abs_coefficient
streamer_log_viewers,1.9780659216673189,1.9780659216673189
seen_before,1.3712322934485623,1.3712322934485623
streamer_log_interactions,-0.7484790602178838,0.7484790602178838
streamer_unique_viewers,0.7464169141016633,0.7464169141016633
pair_repeat_strength,0.5753709260022813,0.5753709260022813
pair_interaction_share,0.4013221330250146,0.4013221330250146
streamer_popularity_share,-0.3819423189996785,0.3819423189996785
streamer_interactions,-0.3819423189988048,0.3819423189988048
pair_watch_share,0.24391799132246636,0.24391799132246636
user_unique_streamers,0.22696877655861658,0.22696877655861658
streamer_total_watch_minutes,0.2222326448046516,0.2222326448046516
user_repeat_rate,-0.208857126697842,0.208857126697842
user_interactions,-0.20662640378181008,0.20662640378181008
pair_recency_intervals,-0.20652776025135552,0.20652776025135552
streamer_interactions_last_18,0.15530624978439206,0.15530624978439206
pair_interactions,0.14000318271400378,0.14000318271400378
streamer_avg_watch_minutes,-0.1299764854963864,0.1299764854963864
streamer_interactions_last_42,0.12595975270401957,0.12595975270401957
streamer_repeat_viewer_rate,-0.1201304567223297,0.1201304567223297
pair_avg_watch_minutes,0.11814338051469557,0.11814338051469557
pair_active_span_intervals,-0.08563810017973976,0.08563810017973976
user_avg_watch_minutes,0.0691217443363819,0.0691217443363819
streamer_trend_ratio,-0.06720254968385628,0.06720254968385628
streamer_interactions_prev_42,0.06613451934462633,0.06613451934462633
pair_interactions_last_6,0.05600396643864364,0.05600396643864364
pair_interactions_last_42,0.049692551781407246,0.049692551781407246
user_active_span_intervals,-0.042659527744472216,0.042659527744472216
pair_watch_minutes,0.039351030765784625,0.039351030765784625
pair_interactions_last_18,-0.03913552469338354,0.03913552469338354
user_median_watch_minutes,-0.02601750782659791,0.02601750782659791
streamer_interactions_last_6,0.0192881604210955,0.0192881604210955
user_interactions_last_42_intervals,-0.018642736055093874,0.018642736055093874
user_interactions_last_18_intervals,0.015551215685441626,0.015551215685441626
user_interactions_last_6_intervals,0.011330862905893887,0.011330862905893887
user_last_activity_recency,0.004890822086558183,0.004890822086558183
user_total_watch_minutes,0.004184098753376005,0.004184098753376005
