model,batch_size,runs,mean_ms,p50_ms,p95_ms,p99_ms,rows_per_second
Logistic Regression,1,300,0.5355453192411611,0.5339999916031957,0.5783785076346248,0.6374462705571202,1867.2556067093374
HistGradientBoosting,1,300,5.271601653657854,4.5773545280098915,8.85287942364812,14.98191524529829,189.69566854622278
PyTorch MLP,1,300,0.03537891122202078,0.01987497671507299,0.042331550503149636,0.10570584621746063,28265.42608178324
TorchScript MLP,1,300,0.012146114992598692,0.012125005014240742,0.012499981676228344,0.01271066255867481,82330.85234326829
Logistic Regression,10,250,0.521829537814483,0.519395514857024,0.535723235225305,0.5657834286103023,19163.346026523945
HistGradientBoosting,10,250,4.502294196514413,4.119145509321243,7.289735591621136,9.02062414621467,2221.0898629729268
PyTorch MLP,10,250,0.022904189536347985,0.022874970454722643,0.023416554904542863,0.023773069842718538,436601.3468466291
TorchScript MLP,10,250,0.01488317851908505,0.014833989553153515,0.015249999705702066,0.015880844439379864,671899.4862002606
Logistic Regression,50,200,0.5651291550020687,0.5510000046342611,0.5729955213610083,0.9334478341042962,88475.35038219178
HistGradientBoosting,50,200,5.2685685438336805,4.131354013225064,12.104724679375066,17.500105416402153,9490.243807973206
PyTorch MLP,50,200,0.03859958174871281,0.03956200089305639,0.04108506836928427,0.041670704958960414,1295350.823371742
TorchScript MLP,50,200,0.02549164171796292,0.02629149821586907,0.028211052995175123,0.028584387619048357,1961427.22203596
Logistic Regression,100,150,0.5674110779849192,0.5673329869750887,0.5732578545575961,0.5771272710990161,176239.06878084928
HistGradientBoosting,100,150,6.226836680434644,6.674937496427447,8.698073108098468,10.334888251964,16059.51868212799
PyTorch MLP,100,150,0.0468750138922284,0.048187997890636325,0.050398087478242815,0.05229509843047706,2133332.7010827702
TorchScript MLP,100,150,0.031063083248833816,0.03241701051592827,0.034587649861350656,0.03489773254841566,3219255.448628212
Logistic Regression,200,120,0.6196173994491497,0.609708484262228,0.6512024061521515,0.7210420392220842,322779.8318410738
HistGradientBoosting,200,120,5.003604207498332,4.857146006543189,6.685226445551962,7.809079427970574,39971.187109540515
PyTorch MLP,200,120,0.05983433511573821,0.059125013649463654,0.06409132038243115,0.06731451489031315,3342562.420274877
TorchScript MLP,200,120,0.04355626442702487,0.04437501775100827,0.04812676925212145,0.049577499157749116,4591762.003260964
