,user_id,stream_id,streamer,start_time,stop_time,duration_intervals,watch_minutes
0,1,33842865744,mithrain,154,156,2,20
1,1,33846768288,alptv,166,169,3,30
2,1,33886469056,mithrain,587,588,1,10
3,1,33887624992,wtcn,589,591,2,20
4,1,33890145056,jrokezftw,591,594,3,30
5,1,33903958784,berkriptepe,734,737,3,30
6,1,33929318864,kendinemuzisyen,1021,1036,15,150
7,1,33942837056,wtcn,1165,1167,2,20
8,1,33955351648,kendinemuzisyen,1295,1297,2,20
10,1,34062621584,unlostv,2454,2456,2,20
9,1,34060922080,mithrain,2458,2459,1,10
13,1,34079135968,elraenn,2600,2601,1,10
11,1,34077379792,mithrain,2601,2603,2,20
12,1,34078096176,zeon,2603,2604,1,10
14,1,34082259232,zeon,2604,2605,1,10
15,1,34157036272,mithrain,3459,3460,1,10
16,1,34169481232,kendinemuzisyen,3600,3601,1,10
17,1,34185325968,unlostv,3739,3743,4,40
18,1,34188146896,wtcn,3755,3757,2,20
19,1,34188931888,jahrein,3757,3760,3,30
21,1,34198556368,raufbaba25,3872,3873,1,10
20,1,34195515568,mithrain,3874,3875,1,10
22,1,34211667200,zeon,4053,4054,1,10
23,1,34222789744,ogrencievi,4204,4205,1,10
25,1,34236660832,elraenn,4314,4315,1,10
24,1,34233524528,mithrain,4315,4316,1,10
26,1,34237817856,eraymaskulen,4327,4328,1,10
28,1,34250346896,ogrencievi,4474,4477,3,30
27,1,34249946480,zeon,4476,4478,2,20
29,1,34263962048,zeusidiouss,4602,4604,2,20
30,1,34277715952,jrokezftw,4751,4752,1,10
31,1,34293733056,h3x_tv,4859,4860,1,10
33,1,34294941584,jahrein,4865,4867,2,20
32,1,34294416912,wtcn,4867,4868,1,10
36,1,34312455360,ogrencievi,5043,5044,1,10
34,1,34309707568,zeusidiouss,5044,5045,1,10
35,1,34309988496,raufbaba25,5046,5049,3,30
37,1,34326061472,towshun,5195,5199,4,40
38,1,34328509984,esl_csgo,5208,5209,1,10
40,1,34334859328,jtgtv,5306,5310,4,40
41,1,34336356640,jahrein,5310,5314,4,40
39,1,34334577616,grimnax,5322,5324,2,20
43,1,34339937248,towshun,5325,5326,1,10
42,1,34338247728,wtcn,5327,5331,4,40
44,1,34347669376,grimnax,5415,5419,4,40
45,1,34352816576,kendinemuzisyen,5474,5481,7,70
46,1,34376626624,kendinemuzisyen,5736,5743,7,70
47,1,34391109664,jtgtv,5869,5870,1,10
48,1,34395247264,towshun,5898,5899,1,10
49,1,34405646144,mithrain,6024,6025,1,10
