user_id,streamer,label,user_interactions,user_unique_streamers,user_total_watch_minutes,user_avg_watch_minutes,user_median_watch_minutes,user_first_start,user_last_start,user_active_span_intervals,user_last_activity_recency,user_repeat_rate,user_interactions_last_6_intervals,user_interactions_last_18_intervals,user_interactions_last_42_intervals,streamer_interactions,streamer_unique_viewers,streamer_total_watch_minutes,streamer_avg_watch_minutes,streamer_popularity_share,streamer_log_interactions,streamer_log_viewers,streamer_repeat_viewer_rate,streamer_interactions_last_6,streamer_interactions_last_18,streamer_interactions_last_42,streamer_interactions_prev_42,streamer_trend_ratio,pair_interactions,pair_watch_minutes,pair_avg_watch_minutes,pair_last_start,pair_first_start,pair_recency_intervals,pair_active_span_intervals,pair_repeat_strength,pair_interactions_last_6,pair_interactions_last_18,pair_interactions_last_42,seen_before,pair_interaction_share,pair_watch_share,future_interactions,future_watch_minutes
1,mithrain,1,39,17,810,20.76923076923077,10.0,154,5208,5054,80,0.5641025641025641,0.0,0.0,0.0,4950.0,1378.0,124680.0,25.187878787878788,0.0019085919411151188,8.507344855361422,7.229113877793302,0.6219158200290276,0.0,0.0,0.0,0.0,1.0,7.0,90.0,12.857142857142858,4315.0,154.0,973.0,4161.0,2.0794415416798357,0.0,0.0,0.0,1,0.1794871794871795,0.1111111111111111,1.0,10.0
1,wtcn,1,39,17,810,20.76923076923077,10.0,154,5208,5054,80,0.5641025641025641,0.0,0.0,0.0,3301.0,1314.0,79900.0,24.204786428355042,0.0012727802015395976,8.102283624480073,7.181591944611865,0.5578386605783866,0.0,0.0,0.0,0.0,1.0,4.0,70.0,17.5,4867.0,589.0,421.0,4278.0,1.6094379124341003,0.0,0.0,0.0,1,0.10256410256410256,0.08641975308641975,1.0,40.0
1,kendinemuzisyen,1,39,17,810,20.76923076923077,10.0,154,5208,5054,80,0.5641025641025641,0.0,0.0,0.0,3247.0,1260.0,88300.0,27.19433323067447,0.0012519591985456144,8.085794701281568,7.13966033596492,0.5698412698412698,0.0,0.0,0.0,0.0,1.0,3.0,180.0,60.0,3600.0,1021.0,1688.0,2579.0,1.3862943611198906,0.0,0.0,0.0,1,0.07692307692307693,0.2222222222222222,2.0,140.0
1,jahrein,1,39,17,810,20.76923076923077,10.0,154,5208,5054,80,0.5641025641025641,0.0,0.0,0.0,2286.0,949.0,67200.0,29.396325459317584,0.0008814224600786185,7.734996194022781,6.856461984594587,0.5437302423603794,0.0,0.0,0.0,0.0,1.0,2.0,50.0,25.0,4865.0,3757.0,423.0,1108.0,1.0986122886681098,0.0,0.0,0.0,1,0.05128205128205128,0.06172839506172839,1.0,40.0
1,grimnax,1,39,17,810,20.76923076923077,10.0,154,5208,5054,80,0.5641025641025641,0.0,0.0,0.0,777.0,364.0,19870.0,25.572715572715573,0.00029959109863564597,6.656726524178391,5.8998973535824915,0.4423076923076923,7.0,20.0,20.0,0.0,21.0,0.0,0.0,0.0,,,5289.0,0.0,0.0,0.0,0.0,0.0,0,0.0,0.0,2.0,60.0
1,jtgtv,1,39,17,810,20.76923076923077,10.0,154,5208,5054,80,0.5641025641025641,0.0,0.0,0.0,217.0,204.0,5190.0,23.91705069124424,8.366958610545067e-05,5.384495062789089,5.3230099791384085,0.06372549019607843,38.0,76.0,76.0,0.0,77.0,0.0,0.0,0.0,,,5289.0,0.0,0.0,0.0,0.0,0.0,0,0.0,0.0,2.0,50.0
1,towshun,1,39,17,810,20.76923076923077,10.0,154,5208,5054,80,0.5641025641025641,0.0,0.0,0.0,27.0,26.0,800.0,29.62962962962963,1.0410501496991558e-05,3.332204510175204,3.295836866004329,0.038461538461538464,0.0,0.0,0.0,1.0,0.5,1.0,40.0,40.0,5195.0,5195.0,93.0,0.0,0.6931471805599453,0.0,0.0,0.0,1,0.02564102564102564,0.04938271604938271,2.0,20.0
1,innocents,0,39,17,810,20.76923076923077,10.0,154,5208,5054,80,0.5641025641025641,0.0,0.0,0.0,996.0,624.0,18350.0,18.423694779116467,0.000384031833000133,6.904750769961838,6.437751649736401,0.33653846153846156,0.0,0.0,0.0,9.0,0.1,0.0,0.0,0.0,,,5289.0,0.0,0.0,0.0,0.0,0.0,0,0.0,0.0,0.0,0.0
1,wtf_winds123,0,39,17,810,20.76923076923077,10.0,154,5208,5054,80,0.5641025641025641,0.0,0.0,0.0,746.0,368.0,31510.0,42.238605898123325,0.00028763830062058154,6.616065185132817,5.910796644040527,0.4782608695652174,0.0,0.0,0.0,19.0,0.05,0.0,0.0,0.0,,,5289.0,0.0,0.0,0.0,0.0,0.0,0,0.0,0.0,0.0,0.0
1,floyl,0,39,17,810,20.76923076923077,10.0,154,5208,5054,80,0.5641025641025641,0.0,0.0,0.0,74.0,37.0,1430.0,19.324324324324323,2.853248558434723e-05,4.31748811353631,3.6375861597263857,0.35135135135135137,0.0,0.0,0.0,0.0,1.0,0.0,0.0,0.0,,,5289.0,0.0,0.0,0.0,0.0,0.0,0,0.0,0.0,0.0,0.0
1,jotik04,0,39,17,810,20.76923076923077,10.0,154,5208,5054,80,0.5641025641025641,0.0,0.0,0.0,47.0,30.0,1750.0,37.234042553191486,1.8121984087355673e-05,3.871201010907891,3.4339872044851463,0.23333333333333334,0.0,0.0,0.0,0.0,1.0,0.0,0.0,0.0,,,5289.0,0.0,0.0,0.0,0.0,0.0,0,0.0,0.0,0.0,0.0
1,mois_kid,0,39,17,810,20.76923076923077,10.0,154,5208,5054,80,0.5641025641025641,0.0,0.0,0.0,44.0,35.0,1390.0,31.59090909090909,1.696526169880106e-05,3.8066624897703196,3.58351893845611,0.2,0.0,0.0,0.0,0.0,1.0,0.0,0.0,0.0,,,5289.0,0.0,0.0,0.0,0.0,0.0,0,0.0,0.0,0.0,0.0
1,javitons,0,39,17,810,20.76923076923077,10.0,154,5208,5054,80,0.5641025641025641,0.0,0.0,0.0,30.0,10.0,1530.0,51.0,1.1567223885546175e-05,3.4339872044851463,2.3978952727983707,0.5,0.0,0.0,0.0,0.0,1.0,0.0,0.0,0.0,,,5289.0,0.0,0.0,0.0,0.0,0.0,0,0.0,0.0,0.0,0.0
1,sa_vely,0,39,17,810,20.76923076923077,10.0,154,5208,5054,80,0.5641025641025641,0.0,0.0,0.0,27.0,16.0,640.0,23.703703703703702,1.0410501496991558e-05,3.332204510175204,2.833213344056216,0.25,0.0,0.0,0.0,0.0,1.0,0.0,0.0,0.0,,,5289.0,0.0,0.0,0.0,0.0,0.0,0,0.0,0.0,0.0,0.0
1,lmgd1,0,39,17,810,20.76923076923077,10.0,154,5208,5054,80,0.5641025641025641,0.0,0.0,0.0,26.0,17.0,720.0,27.692307692307693,1.0024927367473352e-05,3.295836866004329,2.8903717578961645,0.29411764705882354,0.0,0.0,0.0,0.0,1.0,0.0,0.0,0.0,,,5289.0,0.0,0.0,0.0,0.0,0.0,0,0.0,0.0,0.0,0.0
1,toadskii,0,39,17,810,20.76923076923077,10.0,154,5208,5054,80,0.5641025641025641,0.0,0.0,0.0,24.0,16.0,980.0,40.833333333333336,9.25377910843694e-06,3.2188758248682006,2.833213344056216,0.4375,0.0,0.0,0.0,0.0,1.0,0.0,0.0,0.0,,,5289.0,0.0,0.0,0.0,0.0,0.0,0,0.0,0.0,0.0,0.0
1,oriontw,0,39,17,810,20.76923076923077,10.0,154,5208,5054,80,0.5641025641025641,0.0,0.0,0.0,22.0,10.0,970.0,44.09090909090909,8.48263084940053e-06,3.1354942159291497,2.3978952727983707,0.2,0.0,0.0,0.0,0.0,1.0,0.0,0.0,0.0,,,5289.0,0.0,0.0,0.0,0.0,0.0,0,0.0,0.0,0.0,0.0
1,annyaurora,0,39,17,810,20.76923076923077,10.0,154,5208,5054,80,0.5641025641025641,0.0,0.0,0.0,17.0,12.0,540.0,31.764705882352942,6.5547602018094995e-06,2.8903717578961645,2.5649493574615367,0.16666666666666666,0.0,0.0,0.0,0.0,1.0,0.0,0.0,0.0,,,5289.0,0.0,0.0,0.0,0.0,0.0,0,0.0,0.0,0.0,0.0
1,drwalt_,0,39,17,810,20.76923076923077,10.0,154,5208,5054,80,0.5641025641025641,0.0,0.0,0.0,14.0,6.0,210.0,15.0,5.398037813254882e-06,2.70805020110221,1.9459101490553132,0.3333333333333333,0.0,0.0,0.0,0.0,1.0,0.0,0.0,0.0,,,5289.0,0.0,0.0,0.0,0.0,0.0,0,0.0,0.0,0.0,0.0
1,kikikatme,0,39,17,810,20.76923076923077,10.0,154,5208,5054,80,0.5641025641025641,0.0,0.0,0.0,11.0,1.0,320.0,29.09090909090909,4.241315424700265e-06,2.4849066497880004,0.6931471805599453,1.0,0.0,0.0,0.0,1.0,0.5,0.0,0.0,0.0,,,5289.0,0.0,0.0,0.0,0.0,0.0,0,0.0,0.0,0.0,0.0
1,flowkejie,0,39,17,810,20.76923076923077,10.0,154,5208,5054,80,0.5641025641025641,0.0,0.0,0.0,10.0,3.0,390.0,39.0,3.8557412951820585e-06,2.3978952727983707,1.3862943611198906,0.6666666666666666,0.0,0.0,0.0,1.0,0.5,0.0,0.0,0.0,,,5289.0,0.0,0.0,0.0,0.0,0.0,0,0.0,0.0,0.0,0.0
1,supdaily,0,39,17,810,20.76923076923077,10.0,154,5208,5054,80,0.5641025641025641,0.0,0.0,0.0,10.0,6.0,230.0,23.0,3.8557412951820585e-06,2.3978952727983707,1.9459101490553132,0.16666666666666666,0.0,0.0,0.0,0.0,1.0,0.0,0.0,0.0,,,5289.0,0.0,0.0,0.0,0.0,0.0,0,0.0,0.0,0.0,0.0
1,ahad,0,39,17,810,20.76923076923077,10.0,154,5208,5054,80,0.5641025641025641,0.0,0.0,0.0,9.0,6.0,270.0,30.0,3.470167165663853e-06,2.302585092994046,1.9459101490553132,0.16666666666666666,0.0,0.0,0.0,0.0,1.0,0.0,0.0,0.0,,,5289.0,0.0,0.0,0.0,0.0,0.0,0,0.0,0.0,0.0,0.0
1,flazzkotv,0,39,17,810,20.76923076923077,10.0,154,5208,5054,80,0.5641025641025641,0.0,0.0,0.0,9.0,2.0,260.0,28.88888888888889,3.470167165663853e-06,2.302585092994046,1.0986122886681098,0.5,0.0,0.0,0.0,0.0,1.0,0.0,0.0,0.0,,,5289.0,0.0,0.0,0.0,0.0,0.0,0,0.0,0.0,0.0,0.0
1,odablockci,0,39,17,810,20.76923076923077,10.0,154,5208,5054,80,0.5641025641025641,0.0,0.0,0.0,8.0,8.0,80.0,10.0,3.0845930361456467e-06,2.1972245773362196,2.1972245773362196,0.0,0.0,0.0,0.0,0.0,1.0,0.0,0.0,0.0,,,5289.0,0.0,0.0,0.0,0.0,0.0,0,0.0,0.0,0.0,0.0
1,davorvzla,0,39,17,810,20.76923076923077,10.0,154,5208,5054,80,0.5641025641025641,0.0,0.0,0.0,8.0,7.0,120.0,15.0,3.0845930361456467e-06,2.1972245773362196,2.0794415416798357,0.14285714285714285,0.0,0.0,0.0,0.0,1.0,0.0,0.0,0.0,,,5289.0,0.0,0.0,0.0,0.0,0.0,0,0.0,0.0,0.0,0.0
1,symboliz,0,39,17,810,20.76923076923077,10.0,154,5208,5054,80,0.5641025641025641,0.0,0.0,0.0,8.0,3.0,110.0,13.75,3.0845930361456467e-06,2.1972245773362196,1.3862943611198906,0.3333333333333333,0.0,0.0,0.0,0.0,1.0,0.0,0.0,0.0,,,5289.0,0.0,0.0,0.0,0.0,0.0,0,0.0,0.0,0.0,0.0
1,itsjabo,0,39,17,810,20.76923076923077,10.0,154,5208,5054,80,0.5641025641025641,0.0,0.0,0.0,7.0,6.0,230.0,32.857142857142854,2.699018906627441e-06,2.0794415416798357,1.9459101490553132,0.16666666666666666,0.0,0.0,0.0,0.0,1.0,0.0,0.0,0.0,,,5289.0,0.0,0.0,0.0,0.0,0.0,0,0.0,0.0,0.0,0.0
1,shafuru0328,0,39,17,810,20.76923076923077,10.0,154,5208,5054,80,0.5641025641025641,0.0,0.0,0.0,7.0,2.0,190.0,27.142857142857142,2.699018906627441e-06,2.0794415416798357,1.0986122886681098,0.5,0.0,0.0,1.0,0.0,2.0,0.0,0.0,0.0,,,5289.0,0.0,0.0,0.0,0.0,0.0,0,0.0,0.0,0.0,0.0
1,chrissoce,0,39,17,810,20.76923076923077,10.0,154,5208,5054,80,0.5641025641025641,0.0,0.0,0.0,6.0,6.0,270.0,45.0,2.313444777109235e-06,1.9459101490553132,1.9459101490553132,0.0,0.0,0.0,0.0,0.0,1.0,0.0,0.0,0.0,,,5289.0,0.0,0.0,0.0,0.0,0.0,0,0.0,0.0,0.0,0.0
1,firstinspires_curie,0,39,17,810,20.76923076923077,10.0,154,5208,5054,80,0.5641025641025641,0.0,0.0,0.0,6.0,5.0,100.0,16.666666666666668,2.313444777109235e-06,1.9459101490553132,1.791759469228055,0.2,0.0,0.0,0.0,0.0,1.0,0.0,0.0,0.0,,,5289.0,0.0,0.0,0.0,0.0,0.0,0,0.0,0.0,0.0,0.0
1,komoegame,0,39,17,810,20.76923076923077,10.0,154,5208,5054,80,0.5641025641025641,0.0,0.0,0.0,5.0,5.0,320.0,64.0,1.9278706475910292e-06,1.791759469228055,1.791759469228055,0.0,0.0,0.0,0.0,0.0,1.0,0.0,0.0,0.0,,,5289.0,0.0,0.0,0.0,0.0,0.0,0,0.0,0.0,0.0,0.0
1,mrcringegaming,0,39,17,810,20.76923076923077,10.0,154,5208,5054,80,0.5641025641025641,0.0,0.0,0.0,5.0,1.0,230.0,46.0,1.9278706475910292e-06,1.791759469228055,0.6931471805599453,1.0,0.0,0.0,0.0,0.0,1.0,0.0,0.0,0.0,,,5289.0,0.0,0.0,0.0,0.0,0.0,0,0.0,0.0,0.0,0.0
1,farhadnazmi,0,39,17,810,20.76923076923077,10.0,154,5208,5054,80,0.5641025641025641,0.0,0.0,0.0,5.0,1.0,60.0,12.0,1.9278706475910292e-06,1.791759469228055,0.6931471805599453,1.0,0.0,0.0,0.0,0.0,1.0,0.0,0.0,0.0,,,5289.0,0.0,0.0,0.0,0.0,0.0,0,0.0,0.0,0.0,0.0
1,xll_mason,0,39,17,810,20.76923076923077,10.0,154,5208,5054,80,0.5641025641025641,0.0,0.0,0.0,5.0,5.0,80.0,16.0,1.9278706475910292e-06,1.791759469228055,1.791759469228055,0.0,0.0,0.0,0.0,0.0,1.0,0.0,0.0,0.0,,,5289.0,0.0,0.0,0.0,0.0,0.0,0,0.0,0.0,0.0,0.0
